date,open,high,low,close,volume
1998-01-02 00:00:00,20.72,20.78,20.19,20.38,646600
1998-01-05 00:00:00,20.28,20.6,19.82,20,985400
1998-01-06 00:00:00,19.75,19.85,19.07,19.38,2035500
1998-01-07 00:00:00,19.25,19.5,19.1,19.5,1680800
1998-01-08 00:00:00,19.5,19.5,19.1,19.25,1141700
1998-01-09 00:00:00,19.38,19.75,19.22,19.66,1329700
1998-01-12 00:00:00,19.63,19.88,19.44,19.69,1298000
1998-01-13 00:00:00,19.63,20.35,19.63,20.25,1178800
1998-01-14 00:00:00,20.25,20.5,19.88,19.91,980100
1998-01-15 00:00:00,20,20.03,19.88,19.91,980100
1998-01-16 00:00:00,20,20.38,20,20.07,1330400
1998-01-20 00:00:00,20.35,21.19,20.22,21.03,1931500
1998-01-21 00:00:00,20.91,21.19,20.63,21.13,1292500
1998-01-22 00:00:00,21,21.47,21,21.32,2221200
1998-01-23 00:00:00,21.32,21.5,20.75,20.82,1527200
1998-01-26 00:00:00,20.75,20.94,20,20.1,1957900
1998-01-27 00:00:00,20.25,20.69,20.22,20.57,1650500
1998-01-28 00:00:00,20.69,20.69,20.41,20.47,793299
1998-01-29 00:00:00,20.25,20.6,20.19,20.41,1238400
1998-01-30 00:00:00,20.5,20.94,20.47,20.72,1048700
1998-02-02 00:00:00,20.91,21.28,20.88,21,1312900
1998-02-03 00:00:00,20.97,21.38,20.97,21.22,1171700
1998-02-04 00:00:00,21.22,21.28,21.13,21.22,884100
1998-02-05 00:00:00,21.25,21.38,21,21.16,896400
1998-02-06 00:00:00,21.16,21.16,20.82,20.91,481300
1998-02-09 00:00:00,20.97,21.07,20.75,20.97,604700
1998-02-10 00:00:00,20.97,21.38,20.91,21.22,1093100
1998-02-11 00:00:00,21.22,21.25,20.88,21,822400
1998-02-12 00:00:00,20.91,21.66,20.85,21.63,978200
1998-02-13 00:00:00,21.44,21.69,21.35,21.66,573500
1998-02-17 00:00:00,21.72,22.07,21.6,21.97,1301600
1998-02-18 00:00:00,21.97,22.25,21.91,22.25,1425400
1998-02-19 00:00:00,22.19,22.88,22.19,22.82,2735700
1998-02-20 00:00:00,22.75,23.03,22.5,22.82,1171200
1998-02-23 00:00:00,22.69,22.75,22.28,22.5,985200
1998-02-24 00:00:00,22.32,22.47,22,22.19,1364500
1998-02-25 00:00:00,22.32,23.19,22.25,23.19,2209300
1998-02-26 00:00:00,23.07,23.82,23.07,23.47,2411600
1998-02-27 00:00:00,23.28,23.57,23,23.5,861900
1998-03-02 00:00:00,23.19,23.47,23.13,23.44,602300
1998-03-03 00:00:00,23.44,23.6,23.32,23.44,688600
1998-03-04 00:00:00,23.22,23.6,23.19,23.38,658100
1998-03-05 00:00:00,23.07,23.63,23.07,23.6,837900
1998-03-06 00:00:00,23.47,24,23.41,23.85,1048200
1998-03-09 00:00:00,23.66,23.94,23.63,23.82,668300
1998-03-10 00:00:00,23.91,23.97,23.78,23.88,877800
1998-03-11 00:00:00,23.6,23.85,23.6,23.75,712600
1998-03-12 00:00:00,23.57,23.85,23.5,23.82,684400
1998-03-13 00:00:00,23.72,23.72,23.22,23.41,1061600
1998-03-16 00:00:00,23.41,23.47,22.82,23,766500
1998-03-17 00:00:00,23,23.16,22.82,22.94,477100
1998-03-18 00:00:00,23.1,23.5,22.97,23.44,934500
1998-03-19 00:00:00,23.35,23.57,23.32,23.47,356700
1998-03-20 00:00:00,23.6,23.69,23.32,23.47,356700
1998-03-23 00:00:00,23.5,23.94,23.5,23.75,938200
1998-03-24 00:00:00,23.88,23.97,23.63,23.69,820900
1998-03-25 00:00:00,23.72,23.82,23.47,23.63,561800
1998-03-26 00:00:00,23.5,23.69,23.32,23.35,666100
1998-03-27 00:00:00,23.47,23.5,23.03,23.13,499700
1998-03-30 00:00:00,23,23.19,22.75,23,79600
1998-03-31 00:00:00,23.1,23.44,22.94,23.19,551600
1998-04-01 00:00:00,23.07,23.22,22.97,23.19,494000
1998-04-02 00:00:00,23.19,23.63,23.13,23.41,1017300
1998-04-03 00:00:00,23.41,23.6,23.32,23.47,568900
1998-04-06 00:00:00,23.63,23.69,23.19,23.19,746900
1998-04-07 00:00:00,23.32,23.47,23.22,23.41,429600
1998-04-08 00:00:00,23.35,23.38,22.78,22.97,564300
1998-04-09 00:00:00,23.03,23.82,23.03,23.72,1429800
1998-04-13 00:00:00,23.72,23.78,23.41,23.63,609900
1998-04-14 00:00:00,23.82,25.75,23.78,25,4222000
1998-04-15 00:00:00,25.13,25.57,25.1,25.32,3676300
1998-04-16 00:00:00,25.19,25.22,24.88,25.07,2097300
1998-04-17 00:00:00,25,26.07,24.09,25.91,2596500
1998-04-20 00:00:00,25.97,26,25.32,25.72,1179100
1998-04-21 00:00:00,25.5,25.78,25.16,25.57,1835000
1998-04-23 00:00:00,24.88,24.97,24.47,24.72,2040700
1998-04-24 00:00:00,24.5,24.5,24.16,24.28,706400
1998-04-27 00:00:00,24.22,24.25,23.72,23.88,963600
1998-04-28 00:00:00,24.07,24.6,24.03,24.38,1451500
1998-04-29 00:00:00,24.35,24.35,24.13,24.22,901000
1998-04-20 00:00:00,24.25,24.75,24.13,24.6,1435800
1998-04-21 00:00:00,25.5,25.78,25.16,25.57,1835000
1998-04-23 00:00:00,24.88,24.97,24.47,24.72,2040700
1998-04-24 00:00:00,24.5,24.5,24.16,24.28,706400
1998-04-27 00:00:00,24.22,24.25,23.72,23.88,963600
1998-04-28 00:00:00,24.07,24.6,24.03,24.38,1451500
1998-04-29 00:00:00,24.35,24.35,24.13,24.22,90100
1998-04-30 00:00:00,24.25,24.75,24.13,24.6,1435800
1998-05-01 00:00:00,24.6,25.57,24.6,25.38,1555800
1998-05-04 00:00:00,25.97,25.97,24.97,25.03,708500
1998-05-05 00:00:00,25.13,26.13,25.13,26.13,6937700
1998-05-06 00:00:00,26.28,26.47,25.88,26.32,2363300
1998-05-07 00:00:00,26.19,26.44,26,26.38,1759500
1998-05-08 00:00:00,26.41,26.47,26.16,26.47,1198000
1998-05-11 00:00:00,26.41,26.6,26.25,26.5,939600
1998-05-12 00:00:00,26.5,26.66,25.75,26.47,1000600
1998-05-13 00:00:00,26.25,26.32,26.1,26.16,2064100
1998-05-14 00:00:00,26.13,26.13,25.6,25.69,1649900
1998-05-15 00:00:00,25.75,25.97,25.38,25.38,953600
1998-05-18 00:00:00,25.57,25.75,25.41,25.69,648700
1998-05-19 00:00:00,25.78,25.85,25.44,25.57,888600
1998-05-20 00:00:00,25.57,25.57,25.57,25.57,0
1998-05-21 00:00:00,25.53,25.66,25.19,25.25,609400
1998-05-22 00:00:00,25.25,25.32,24.82,25.03,522100
1998-05-26 00:00:00,25.1,25.22,24.78,24.85,1054100
1998-05-27 00:00:00,24.72,24.72,24.28,24.44,3544300
1998-05-28 00:00:00,24.41,25.07,24.35,24.94,1429800
1998-05-29 00:00:00,25,25.1,24.82,25.07,656300
1998-06-01 00:00:00,25.07,25.35,24.66,24.88,678900
1998-06-02 00:00:00,25.07,25.22,24.85,25.13,797200
1998-06-03 00:00:00,25.22,25.38,24.91,24.94,658900
1998-06-04 00:00:00,25,25.19,24.88,25.07,832200
1998-06-05 00:00:00,25.25,25.78,25.1,25.75,766400
1998-06-08 00:00:00,25.72,25.97,25.6,25.88,641800
1998-06-09 00:00:00,26,26,25.25,25.41,754800
1998-06-11 00:00:00,25.13,25.25,24.82,24.88,730100
1998-06-12 00:00:00,24.82,25.03,24.75,24.94,707600
1998-06-15 00:00:00,24.69,24.82,24.22,24.69,1278600
1998-06-16 00:00:00,24.57,24.75,24.35,24.41,586700
1998-06-17 00:00:00,24.5,25,24.47,24.88,969500
1998-06-18 00:00:00,24.97,24.97,24.66,24.82,428700
1998-06-19 00:00:00,24.85,25.07,24.6,24.91,1001400
1998-06-22 00:00:00,24.94,25.35,24.82,24.82,994400
1998-06-23 00:00:00,24.94,25.1,24.75,24.82,705600
1998-06-24 00:00:00,24.82,24.82,24.57,24.69,953700
1998-06-25 00:00:00,24.69,25.19,24.63,24.97,989100
1998-06-26 00:00:00,24.94,25.53,24.91,25.32,1287500
1998-06-29 00:00:00,25.6,26.22,25.5,26.1,1341500
1998-06-30 00:00:00,26.13,27.16,26.1,27.03,1577700
1998-07-01 00:00:00,27,27.32,26.75,26.94,1248200
1998-07-02 00:00:00,27.13,27.53,26.97,27.13,161700
1998-07-06 00:00:00,27.22,27.44,27.13,27.28,657200
1998-07-07 00:00:00,27.38,27.38,27.13,27.22,686000
1998-07-08 00:00:00,27.22,27.35,27.03,27.25,697200
1998-07-09 00:00:00,27.25,27.32,27.13,27.25,1280400
1998-07-10 00:00:00,27.28,27.41,27.1,27.35,587400
1998-07-13 00:00:00,27.5,27.97,27.38,27.82,1261400
1998-07-14 00:00:00,27.94,28.38,27.57,27.88,1482400
1998-07-15 00:00:00,27.5,28.53,27.5,28.03,1115500
1998-07-16 00:00:00,27.97,28.88,27.97,28.88,1506900
1998-07-17 00:00:00,28.82,29.1,29.63,28.97,1158800
1998-07-20 00:00:00,28.94,29.22,28.07,28.35,1158800
1998-07-21 00:00:00,28.32,28.32,27.91,28.25,550800
1998-07-22 00:00:00,28.25,28.25,27.91,28.25,1133100
1998-07-23 00:00:00,27.82,28.28,27.78,28.25,1133100
1998-07-24 00:00:00,28.25,28.32,27.07,27.63,1688000
1998-07-27 00:00:00,27.25,27.5,26.94,27.44,1287200
1998-07-28 00:00:00,27.47,27.63,26.72,27.13,1169500
1998-07-29 00:00:00,27.25,27.32,26.82,26.85,1455000
1998-07-30 00:00:00,26.75,27.22,26.75,27.1,888800
1998-07-31 00:00:00,27.03,27.07,26.13,26.47,977700
1998-08-03 00:00:00,26.5,26.66,26,26.07,932500
1998-08-04 00:00:00,26.32,26.32,24.94,25,2129100
1998-08-05 00:00:00,25,25.22,24.07,24.63,1744200
1998-08-06 00:00:00,24.57,24.63,23.97,24.25,1376700
1998-08-07 00:00:00,24.44,25.13,24.22,24.88,1008900
1998-08-10 00:00:00,24.6,24.78,24.32,24.63,574400
1998-08-11 00:00:00,24.44,24.44,23.75,23.88,890400
1998-08-12 00:00:00,24.44,24.44,23.75,24,1039000
1998-08-13 00:00:00,24,24.1,23.44,23.78,676800
1998-08-14 00:00:00,23.78,23.87,23.16,23.38,603400
1998-08-17 00:00:00,23.38,24.13,23.28,23.78,1111200
1998-08-18 00:00:00,23.94,23.94,23.47,23.72,614600
1998-08-19 00:00:00,24,24.83,23.82,24.53,954300
1998-08-20 00:00:00,24.44,24.69,24.32,24.53,488100
1998-08-21 00:00:00,23.88,24.19,22.94,23.69,1394000
1998-08-24 00:00:00,23.82,24.03,23.44,23.53,1014500
1998-08-25 00:00:00,23.63,23.97,23.6,23.63,1293800
1998-08-26 00:00:00,23.57,23.88,23.5,23.66,946200
1998-08-27 00:00:00,23.5,23.63,22.69,23,934400
1998-08-29 00:00:00,23.25,23.25,21.97,22.03,1574700
1998-08-31 00:00:00,22.16,22.82,20.94,21.16,1948000
1998-09-01 00:00:00,21.41,21.69,20.32,21.57,1568000
1998-09-02 00:00:00,21.72,22.85,21.47,22.25,1145700
1998-09-03 00:00:00,22.35,22.24,21.6,21.85,1626000
1998-09-04 00:00:00,21.91,22.25,21.38,21.72,848500
1998-09-08 00:00:00,22.25,23.03,21.94,22.5,773600
1998-09-09 00:00:00,23.25,23.25,22.17,22.38,909800
1998-09-10 00:00:00,21.94,22.25,21.91,22.1,1099500
1998-09-11 00:00:00,21.91,23.07,21.91,22.97,1236000
1998-09-14 00:00:00,23.5,24.91,23.41,24.88,1594100
1998-09-15 00:00:00,24.88,25.32,24.41,25.32,871100
1998-09-16 00:00:00,25.38,25.88,25.25,25.85,1102700
1998-09-17 00:00:00,25.07,25.32,24.78,25,788500
1998-09-18 00:00:00,25,25.32,24.57,25,1028700
1998-09-21 00:00:00,24.5,25.66,24.38,25.38,846300
1998-09-22 00:00:00,25.38,25.47,24.88,25.35,654200
1998-09-23 00:00:00,25.47,26.88,25.47,26.88,1162700
1998-09-24 00:00:00,26.88,27,26.32,26.5,1149700
1998-09-28 00:00:00,26.13,26.13,25.5,25.57,590300
1998-09-29 00:00:00,25.63,26,25.57,26,410300
1998-09-30 00:00:00,26.03,26.78,26.03,26.75,1575700
1998-10-01 00:00:00,26.25,26.25,25.57,25.69,1218400
1998-10-02 00:00:00,25.72,26.44,25.63,26.07,1531500
1998-10-05 00:00:00,26.07,26.72,25.94,26.5,931200
1998-10-06 00:00:00,26.5,26.69,25.88,26,831900
1998-10-07 00:00:00,25.91,26.53,25.5,26,840300
1998-10-08 00:00:00,25.66,26.07,25.25,25.69,757100
1998-10-09 00:00:00,25.75,25.94,24.75,25.69,965700
1998-10-12 00:00:00,25.88,26.07,25.32,25.47,569800
1998-10-13 00:00:00,25.5,26.16,25,25.6,921800
1998-10-14 00:00:00,25.63,25.91,25.63,25.66,1265700
1998-10-15 00:00:00,25.44,26.32,25.28,26.1,1204800
1998-10-16 00:00:00,26.75,26.75,26.13,26.57,1782000
1998-10-19 00:00:00,26.47,26.57,26.13,26.28,541700
1998-10-20 00:00:00,26.32,26.69,26.28,26.47,806800
1998-10-21 00:00:00,26.6,26.63,25.75,26.38,609700
1998-10-22 00:00:00,26.25,26.25,25.75,26.07,606000
1998-10-23 00:00:00,26.07,26.28,25.69,26.25,765300
1998-10-26 00:00:00,26.38,26.57,25.91,26,744900
1998-10-27 00:00:00,26.38,26.57,26,26.1,972500
1998-10-28 00:00:00,26.19,26.25,25.75,25.85,481900
1998-10-29 00:00:00,25.66,26.07,25.38,26.07,940800
1998-10-30 00:00:00,26.22,26.63,26.07,26.38,690300
1998-11-02 00:00:00,26.41,26.88,26.07,26.85,1000400
1998-11-03 00:00:00,26.94,27.6,26.94,27.53,2269500
1998-11-04 00:00:00,27.63,28.47,27.63,28.07,2118600
1998-11-05 00:00:00,27.94,28.07,27.78,28,724300
1998-11-06 00:00:00,27.82,28,27.57,27.91,700500
1998-11-09 00:00:00,28.5,29.22,28.44,29.16,1831200
1998-11-10 00:00:00,28.75,28.78,28.19,28.22,1957400
1998-11-11 00:00:00,28.22,28.22,27.22,27.5,1171100
1998-11-12 00:00:00,27.57,27.63,26.97,27.44,1146100
1998-11-13 00:00:00,27.5,27.82,26.94,27.03,1115900
1998-11-16 00:00:00,27.44,27.5,26.91,27.41,871800
1998-11-17 00:00:00,27.25,27.28,26.82,26.97,963500
1998-11-18 00:00:00,27.25,27.57,26.69,27.5,679600
1998-11-19 00:00:00,27.57,28.03,27.44,27.57,586900
1998-11-20 00:00:00,27.69,27.97,27.5,27.82,614200
1998-11-23 00:00:00,27.94,28.41,27.85,28.16,703200
1998-11-24 00:00:00,28.25,28.41,27.5,28,567400
1998-11-25 00:00:00,27.47,27.47,27.47,27.47,0
1998-11-27 00:00:00,27.25,27.72,27,27.1,193100
1998-11-30 00:00:00,26.75,27.1,26.13,26.25,517800
1998-12-01 00:00:00,26.16,26.5,26.07,26.35,567600
1998-12-02 00:00:00,26.03,26.16,25.5,25.91,475900
1998-12-03 00:00:00,25.97,26.1,25.63,25.94,1151200
1998-12-04 00:00:00,26.19,27.6,26.19,27.38,1387700
1998-12-07 00:00:00,27.5,27.5,26.88,27.03,847400
1998-12-08 00:00:00,27,28,27,27.16,1321800
1998-12-09 00:00:00,27.19,27.69,27.07,27.22,692100
1998-12-10 00:00:00,27.03,27.22,27,27.1,567800
1998-12-11 00:00:00,27.03,27.22,27,27,443300
1998-12-14 00:00:00,26.85,27.28,26.82,26.94,1245500
1998-12-15 00:00:00,27,27,26.28,26.94,1245500
1998-12-16 00:00:00,27.5,27.88,27.47,27.57,1179200
1998-12-17 00:00:00,27.6,27.94,27.5,27.94,748200
1998-12-18 00:00:00,27.82,28.41,27.53,28.07,864500
1998-12-21 00:00:00,27.88,28.63,27.99,28.44,737100
1998-12-22 00:00:00,28.44,28.72,28.22,28.69,899100
1998-12-23 00:00:00,28.82,29.35,28.57,29.35,936100
1998-12-24 00:00:00,29.38,29.38,29,29.16,226200
1998-12-28 00:00:00,29.03,29.16,28.44,28.57,444700
1998-12-29 00:00:00,28.97,29.25,28.57,28.66,566200
1998-12-30 00:00:00,28.69,28.69,28.19,28.32,302100
1998-12-31 00:00:00,28,28.78,28,28.53,435200
1999-01-04 00:00:00,28.88,29.75,28.75,29.63,1332700
1999-01-05 00:00:00,29.57,30.07,29.44,29.5,1177100
1999-01-06 00:00:00,29.88,29.88,29.22,29.72,1204800
1999-01-07 00:00:00,26.69,31.44,29.32,31,1427200
1999-01-08 00:00:00,31.13,32.69,31.13,32.57,2388800
1999-01-11 00:00:00,32.07,33.13,31.78,32.22,1387300
1999-01-12 00:00:00,32.07,33.57,32.03,33.44,2118400
1999-01-13 00:00:00,32.25,32.5,31.57,31.82,2875100
1999-01-14 00:00:00,31.78,31.97,29.94,30.25,1161600
1999-01-15 00:00:00,30.57,32.25,30.38,31.91,1009700
1999-01-19 00:00:00,31.63,32.69,31.44,32.5,1469200
1999-01-20 00:00:00,32.19,32.72,31.94,32.53,1816800
1999-01-21 00:00:00,32.82,33.44,32.41,33,2915600
1999-01-22 00:00:00,32.88,33.47,32.53,33.16,1971500
1999-01-25 00:00:00,33.03,33.47,32.16,32.69,1453500
1999-01-26 00:00:00,32.69,32.69,31.88,32.19,1079700
1999-01-27 00:00:00,32.38,32.75,31.88,32.1,1374000
1999-01-28 00:00:00,32.16,32.72,31.94,32.6,1089300
1999-01-29 00:00:00,32.5,33.25,32.38,33,1364100
1999-02-01 00:00:00,33,33.69,32.78,32.97,930900
1999-02-02 00:00:00,32.75,32.75,31.63,32.41,996400
1999-02-03 00:00:00,32,32.19,31.63,32.03,938200
1999-02-04 00:00:00,31.97,31.97,30.6,30.88,1340800
1999-02-05 00:00:00,31.13,31.66,30.91,31.47,1134900
1999-02-08 00:00:00,31,32.38,31,32.35,1131600
1999-02-09 00:00:00,32.13,32.22,31.69,31.94,1213200
1999-02-10 00:00:00,31.82,32,31.19,31.53,834000
1999-02-11 00:00:00,31.41,31.5,30.88,31.35,1493000
1999-02-12 00:00:00,31.57,31.88,31.35,31.57,1221600
1999-02-16 00:00:00,31.63,31.75,31.35,31.57,1221600
1999-02-17 00:00:00,31.38,31.57,30.78,30.97,1194100
1999-02-18 00:00:00,31.03,31.13,30.35,30.66,1829100
1999-02-19 00:00:00,30.57,31.38,30.44,31.25,632500
1999-02-22 00:00:00,31.16,32.28,30.63,32,1007500
1999-02-23 00:00:00,31.91,33,31.88,32.66,1888700
1999-02-24 00:00:00,32.66,34.44,32.6,34.13,2006300
1999-02-25 00:00:00,33.57,33.57,32.32,33,1391800
1999-02-26 00:00:00,32.88,33.16,32.07,32.5,1003200
1999-03-01 00:00:00,32.5,32.53,31.5,31.75,1742700
1999-03-02 00:00:00,31.88,32.16,30.97,31.32,939500
1999-03-03 00:00:00,31.22,31.78,31.16,31.9,987700
1999-03-04 00:00:00,31.75,32.66,31.75,32.5,1169200
1999-03-05 00:00:00,32.75,33.07,32.72,32.94,758400
1999-03-08 00:00:00,32.82,33.5,32.69,33.35,836500
1999-03-09 00:00:00,33.38,34.22,33.03,33.88,1477800
1999-03-10 00:00:00,34,35.07,34,35,1666200
1999-03-11 00:00:00,34.94,35.6,34.85,35.28,1301900
1999-03-12 00:00:00,34.88,35,34.35,34.44,1583000
1999-03-15 00:00:00,34.13,34.19,33.72,34,1583900
1999-03-16 00:00:00,34.07,34.07,33.47,33.47,869400
1999-03-17 00:00:00,33.35,33.88,33.28,33.82,1240700
1999-03-18 00:00:00,34.25,34.91,34.19,34.82,1121800
1999-03-19 00:00:00,34.94,34.97,34.44,34.63,982800
1999-03-22 00:00:00,34.44,34.88,33.85,33.85,1497700
1999-03-23 00:00:00,33.85,34.28,32.94,32.97,2468100
1999-03-24 00:00:00,33.07,33.38,32.5,32.91,1722400
1999-03-25 00:00:00,32.97,32.97,32.53,32.88,962100
1999-03-26 00:00:00,32.82,32.85,32.32,32.53,1491300
1999-03-29 00:00:00,32.63,33.5,32.53,33.1,879500
1999-03-30 00:00:00,33,33,32.38,32.5,771100
1999-03-31 00:00:00,32.75,32.75,31.5,32.13,1260000
1999-04-01 00:00:00,32,32.47,31.85,32.22,1374500
1999-04-05 00:00:00,32.38,32.38,31.44,31.57,2078500
1999-04-06 00:00:00,31.66,32.1,31.53,31.53,787500
1999-04-07 00:00:00,31.94,31.97,30.75,31.28,878100
1999-04-08 00:00:00,31.41,32.53,31.32,31.97,750600
1999-04-09 00:00:00,31.88,32.25,31.6,32.03,473300
1999-04-12 00:00:00,31.94,32,30.5,31,1674200
1999-04-13 00:00:00,31.75,33.22,31.69,32.97,2152300
1999-04-14 00:00:00,33.1,34,33.1,33.69,1349800
1999-04-15 00:00:00,33.78,33.72,33.72,34.5,2516900
1999-04-16 00:00:00,34.63,34.94,34.1,34.75,1265500
1999-04-19 00:00:00,34.75,34.91,33.5,34,1458600
1999-04-20 00:00:00,34.13,34.47,33.19,33.32,1133200
1999-04-21 00:00:00,33.32,33.82,33.07,33.35,539600
1999-04-22 00:00:00,34.38,34.63,34.25,34.5,928000
1999-04-23 00:00:00,34.38,34.63,34.25,35.5,991500
1999-04-26 00:00:00,34.47,34.47,34.13,34.32,553900
1999-04-27 00:00:00,34.6,35.16,34.38,35,2852200
1999-04-28 00:00:00,35.13,36.44,35.1,36,2289200
1999-04-29 00:00:00,36.13,37.03,35.78,37,1316600
1999-04-30 00:00:00,37,37.85,36.63,37.63,2712000
1999-05-03 00:00:00,37.6,38.19,37.13,37.85,1173100
1999-05-04 00:00:00,37.78,38.38,37.47,38.1,1024700
1999-05-05 00:00:00,38.03,38.5,37.1,38.47,1413400
1999-05-06 00:00:00,38.38,38.44,37.69,38,893900
1999-05-07 00:00:00,38.19,38.22,37.85,38.13,1033500
1999-05-10 00:00:00,38,38.07,37.03,37.6,705500
1999-05-11 00:00:00,37.47,37.82,36.82,37.57,1419700
1999-05-12 00:00:00,36.82,37.57,36.5,37.25,1101600
1999-05-13 00:00:00,37.22,38.07,37.1,37.28,807200
1999-05-14 00:00:00,37.16,36.25,36,36.38,1077000
1999-05-17 00:00:00,36.19,37.13,35.97,36.75,611600
1999-05-18 00:00:00,36.38,36.78,36.19,36.28,565700
1999-05-19 00:00:00,36.41,36.97,36.38,36.5,567700
1999-05-20 00:00:00,36.75,37.47,36.75,37.03,1441300
1999-05-21 00:00:00,37,37.25,36.6,36.66,1050400
1999-05-24 00:00:00,36.53,37.16,36.07,36.07,741500
1999-05-25 00:00:00,36.19,37.03,36.19,36.44,1553400
1999-05-26 00:00:00,36.63,36.69,35.5,36.5,1249400
1999-05-27 00:00:00,36.38,36.38,35.22,35.25,1115800
1999-05-28 00:00:00,35.38,36.38,35.22,35.25,1115800
1999-06-01 00:00:00,36,36.25,35.78,36.25,1233000
1999-06-02 00:00:00,36.28,38.25,36.19,37.44,1787100
1999-06-03 00:00:00,37.41,38.44,37.41,38.22,870000
1999-06-04 00:00:00,38.16,39.47,38.1,39.47,998600
1999-06-07 00:00:00,39.13,39.19,38.75,38.97,1469700
1999-06-08 00:00:00,39,39.19,38.53,38.66,476300
1999-06-09 00:00:00,38.75,39.41,38.57,39.16,1118100
1999-06-10 00:00:00,39.03,39.72,38,39.28,1025000
1999-06-11 00:00:00,39.5,40.69,39.5,40.5,2036300
1999-06-14 00:00:00,40.75,41.47,40.63,41.1,1572300
1999-06-15 00:00:00,41.1,41.13,39.63,39.72,1471400
1999-06-16 00:00:00,39.69,39.97,39.1,39.19,1608400
1999-06-17 00:00:00,39.19,39.72,39,39.6,699100
1999-06-18 00:00:00,39.6,39.6,38.85,38.94,1054100
1999-06-21 00:00:00,39,39,38.25,38.32,902100
1999-06-22 00:00:00,37.94,38.91,37.94,38.5,802900
1999-06-23 00:00:00,38.25,38.78,38.13,38.66,760900
1999-06-24 00:00:00,38.75,38.75,37.97,38.63,1010700
1999-06-25 00:00:00,38.63,38.85,38.28,38.5,964500
1999-06-28 00:00:00,38.82,38.75,38.82,39.72,1312500
1999-06-29 00:00:00,39.72,40.6,39.1,40.6,1091100
1999-06-30 00:00:00,40.25,40.88,39.6,40.88,1498500
1999-07-01 00:00:00,40.25,40.69,40,40.57,1072800
1999-07-02 00:00:00,40.97,40.97,40,40.63,927400
1999-07-06 00:00:00,40.88,42.1,40.57,41.94,1861600
1999-07-07 00:00:00,41.82,41.91,41.5,41.82,1602100
1999-07-08 00:00:00,41.82,42.47,41.75,42.25,1342100
1999-07-09 00:00:00,42.38,43.25,42.38,43.19,1694600
1999-07-12 00:00:00,43.22,43.47,42.5,42.57,823800
1999-07-13 00:00:00,42.38,42.5,41.5,42,1726400
1999-07-14 00:00:00,42,42.25,41.19,41.28,1027400
1999-07-15 00:00:00,41.32,41.41,40.82,40.97,2026900
1999-07-16 00:00:00,41,42.32,40.97,42,2738200
1999-07-19 00:00:00,42,42.97,41.88,42.66,734900
1999-07-20 00:00:00,42.66,43.35,42.07,42.78,1130900
1999-07-21 00:00:00,42.78,42.91,42.32,42.63,1072500
1999-07-22 00:00:00,42.75,42.75,41.78,41.94,995200
1999-07-23 00:00:00,42,42.32,41.94,41.94,820700
1999-07-26 00:00:00,42.13,42.32,41.94,41.97,602800
1999-07-27 00:00:00,42.03,42.22,41.69,41.97,667400
1999-07-28 00:00:00,41.78,42.1,41.6,42,549300
1999-07-29 00:00:00,41.88,42.25,41.69,42.03,750200
1999-07-30 00:00:00,42.16,42.6,42.07,42.6,714200
1999-08-02 00:00:00,42.6,42.82,41.94,42.03,935500
1999-08-03 00:00:00,42.1,42.35,41.69,42.13,704000
1999-08-04 00:00:00,42.19,42.88,42,42.38,776100
1999-08-05 00:00:00,42.5,42.88,42.19,42.72,835000
1999-08-06 00:00:00,42.47,43.44,42.38,43.41,604800
1999-08-09 00:00:00,43.28,44.5,43.13,44.07,838900
1999-08-10 00:00:00,44,44.72,43.88,44.28,838700
1999-08-11 00:00:00,44.25,44.28,43.25,44.02,785800
1999-08-12 00:00:00,43.69,43.82,43,43,483400
1999-08-13 00:00:00,42.75,43.88,42.6,43.85,595400
1999-08-16 00:00:00,44.38,44.69,43.44,43.88,866100
1999-08-17 00:00:00,44,44.56,43.5,44.31,809500
1999-08-18 00:00:00,44.56,44.56,43.31,43.69,1003800
1999-08-19 00:00:00,43.31,43.88,42.94,43.75,843400
1999-08-20 00:00:00,44.13,44.19,43.25,43.94,1148800
1999-08-23 00:00:00,43.94,44.5,43.88,44.25,1444000
1999-08-24 00:00:00,44.25,44.63,43.31,43.94,1336700
1999-08-25 00:00:00,43.75,43.88,42.31,43.13,1881200
1999-08-26 00:00:00,43.13,43.44,41,42.06,3174400
1999-08-27 00:00:00,42.31,42.69,41.88,42.38,1361100
1999-08-30 00:00:00,41.81,42.81,41,41.25,1355800
1999-08-31 00:00:00,41.19,42.44,41,41.88,1721500
1999-09-01 00:00:00,42.13,42.31,40.56,41.31,1405900
1999-09-02 00:00:00,41.06,41.06,39,40.19,1389500
1999-09-03 00:00:00,41,41.63,40.69,41.5,1540300
1999-09-07 00:00:00,41.56,42.38,41,41.38,1630100
1999-09-08 00:00:00,41.13,41.25,40.13,40.44,1782600
1999-09-09 00:00:00,40.56,42.88,40.31,42.25,1822700
1999-09-10 00:00:00,42.93,43.25,42.5,42.81,1308500
1999-09-13 00:00:00,42.56,42.56,41.69,41.94,785900
1999-09-14 00:00:00,41.69,42.13,41.13,41.94,1005700
1999-09-15 00:00:00,42.5,42.56,41.25,41.63,1156400
1999-09-16 00:00:00,41.88,41.94,40.38,41.69,980299
1999-09-17 00:00:00,41,42.25,41,42.25,1516800
1999-09-20 00:00:00,42.25,42.25,40.13,41.25,1442800
1999-09-21 00:00:00,41,41,38.31,39.5,2157500
1999-09-22 00:00:00,40.5,40.5,39.13,39.5,2120700
1999-09-23 00:00:00,39.5,39.5,38.13,39,2244500
1999-09-24 00:00:00,39.06,39.94,38.13,39.81,2020100
1999-09-27 00:00:00,39.81,39.81,38.75,38.88,1213800
1999-09-28 00:00:00,38.13,39.44,38.06,39.25,1767200
1999-09-29 00:00:00,39.38,40.94,39.41,39.5,862000
1999-09-30 00:00:00,40.25,41.38,39.75,41.06,1126300
1999-10-01 00:00:00,41.11,41.63,40.25,40.94,1154700
1999-10-04 00:00:00,40.5,40.56,39.25,40.19,1478500
1999-10-05 00:00:00,40,41.06,39.38,40,1680400
1999-10-06 00:00:00,40.25,40.25,37.94,38.38,2363900
1999-10-07 00:00:00,38.13,38.44,36.81,37,3054300
1999-10-08 00:00:00,37.44,39.5,37.25,38.94,2342500
1999-10-11 00:00:00,38.75,40,38.13,38.88,2074300
1999-10-12 00:00:00,39,40.25,38.5,38.81,2405600
1999-10-13 00:00:00,38.81,40.38,38.25,40.06,2112400
1999-10-14 00:00:00,39.56,39.81,38.69,39.06,2071700
1999-10-15 00:00:00,39.19,39.19,38.69,39.06,2071700
1999-10-18 00:00:00,37.63,38.5,37.5,38.19,1609400
1999-10-19 00:00:00,38.5,40,38.38,39.25,1620200
1999-10-20 00:00:00,39.5,39.5,38.56,39.25,1076900
1999-10-21 00:00:00,39,39.13,37.5,38.31,1213000
1999-10-22 00:00:00,38.25,39.19,37.06,39.06,2413800
1999-10-25 00:00:00,39.06,39.06,36.69,37.25,2034100
1999-10-26 00:00:00,37.5,38.25,36.81,37.69,1616100
1999-10-27 00:00:00,37.81,39.94,37.69,39.31,2010600
1999-10-28 00:00:00,40,40.63,39.94,40.31,1616000
1999-10-29 00:00:00,40.94,40.94,39.31,39.94,1599100
1999-11-01 00:00:00,39.81,40,37,37.69,1991300
1999-11-02 00:00:00,37.94,38.75,37.5,38.25,2405200
1999-11-03 00:00:00,39,40,38.5,40,1861700
1999-11-04 00:00:00,39.5,39.88,38.38,38.56,1339800
1999-11-05 00:00:00,39,39.25,37.41,37.94,1221300
1999-11-08 00:00:00,39.75,39.75,38,38.38,1736200
1999-11-09 00:00:00,38.81,39.56,38.5,39.25,1444600
1999-11-10 00:00:00,39.5,40.94,39.44,40.81,1916500
1999-11-11 00:00:00,41,42.19,40.94,41.88,2401200
1999-11-12 00:00:00,42,42.69,41.75,42.63,1517000
1999-11-15 00:00:00,42.5,43.06,41.88,42.31,1052600
1999-11-16 00:00:00,42.63,43,40.75,41.06,2339100
1999-11-17 00:00:00,41.94,41.94,40.25,40.44,2281200
1999-11-18 00:00:00,40.5,40.75,40,40.25,2849800
1999-11-19 00:00:00,39.5,39.69,39,39,2147200
1999-11-22 00:00:00,39,39.13,35.56,37,3850100
1999-11-23 00:00:00,37,37,34.88,35.5,4392400
1999-11-24 00:00:00,36.06,38.94,36,38.69,5577200
1999-11-26 00:00:00,38.13,38.63,37.75,37.75,1211800
1999-11-29 00:00:00,37.75,38.38,37.31,37.75,2645000
1999-11-30 00:00:00,37.88,38.25,37.5,38.06,3112500
1999-12-01 00:00:00,37.81,38,37.5,37.73,1401300
1999-12-02 00:00:00,38,38.06,37.5,37.81,1584900
1999-12-03 00:00:00,37.94,38.31,37.69,37.88,2393900
1999-12-06 00:00:00,37.69,37.75,37.44,37.63,1645700
1999-12-07 00:00:00,37.5,37.63,35.13,36.44,2349200
1999-12-08 00:00:00,36.38,37.06,35.56,36.44,1499700
1999-12-09 00:00:00,37,39.25,36.94,38.94,2324900
1999-12-10 00:00:00,38.94,39,37.06,37.44,1643700
1999-12-13 00:00:00,38.06,38.25,36.88,37.45,1406000
1999-12-14 00:00:00,38,38.25,36.88,37.45,1406000
1999-12-15 00:00:00,36.88,38,36.25,37.38,2620900
1999-12-16 00:00:00,37.63,37.63,36.38,37,2331400
1999-12-17 00:00:00,38,41,37.44,41,5103100
1999-12-20 00:00:00,41,41.63,40,40.75,2856800
1999-12-21 00:00:00,40,40.75,39.94,40.25,1355200
1999-12-22 00:00:00,40.75,40.94,39.69,40.06,1598000
1999-12-23 00:00:00,40.44,40.94,39.69,40.06,1598000
1999-12-27 00:00:00,40.94,43.38,40.69,42.69,2283000
1999-12-28 00:00:00,42.31,43,41.75,42.88,1488400
1999-12-29 00:00:00,42.88,44.25,42.25,43.31,1204400
1999-12-30 00:00:00,44,44.88,43.25,44.25,894300
1999-12-31 00:00:00,44,44.38,42.56,44.38,682100
2000-01-03 00:00:00,44.56,44.56,43.44,43.44,1770200
2000-01-04 00:00:00,43.06,43.13,41.38,42.5,2253700
2000-01-05 00:00:00,42.63,44,41.56,43.88,1793100
2000-01-06 00:00:00,44,49.63,43.75,47.94,4350500
2000-01-07 00:00:00,49.5,50.25,47.19,49.06,3567100
2000-01-10 00:00:00,49.31,49.31,46.88,47.31,1913600
2000-01-11 00:00:00,47.75,48.5,46.94,47.31,2551600
2000-01-12 00:00:00,47.25,52.5,47.13,51.5,4450600
2000-01-13 00:00:00,51.44,54.38,51,53.38,2960100
2000-01-14 00:00:00,54.81,57.19,53.44,56.38,3247700
2000-01-18 00:00:00,56.5,56.56,54.25,55.5,3736400
2000-01-19 00:00:00,55.69,55.75,52.63,53.5,2828200
2000-01-20 00:00:00,54.5,67.5,54.38,67.38,10950300
2000-01-21 00:00:00,70.5,73.06,70,71.63,13482000
2000-01-24 00:00:00,71.63,71.69,63.81,65,7484400
2000-01-25 00:00:00,64,65.31,59,61.25,4439000
2000-01-26 00:00:00,61,63.88,61,61.13,5194300
2000-01-27 00:00:00,62.5,62.63,60,61,2621200
2000-01-28 00:00:00,61.5,62.75,59.75,60.19,2828400
2000-01-31 00:00:00,60.19,67.88,59.44,67.88,4275400
2000-02-01 00:00:00,67.31,67.5,64,64.5,3445900
2000-02-02 00:00:00,65.5,66.81,62.69,62.88,2849800
2000-02-03 00:00:00,62.88,64.5,61.19,63.69,3014200
2000-02-04 00:00:00,61.75,66.44,61.56,61.75,2680500
2000-02-07 00:00:00,62.5,64.31,61.75,62.5,1686300
2000-02-08 00:00:00,64,67.19,63.75,66.13,2439700
2000-02-09 00:00:00,66.38,68.25,66.31,66.44,2603700
2000-02-10 00:00:00,67.5,69.69,67.13,67.63,1277000
2000-02-11 00:00:00,68,68.19,64.56,65.88,1277000
2000-02-14 00:00:00,66.88,68.44,66.19,67.81,1690100
2000-02-15 00:00:00,69.44,69.44,67.38,68.94,2033100
2000-02-16 00:00:00,69,70.75,68.94,69.88,2694400
2000-02-17 00:00:00,71,72,70,70.31,2303200
2000-02-18 00:00:00,70.31,70.5,68.56,69.19,3079400
2000-02-22 00:00:00,69.25,70.88,66,66,2806900
2000-02-23 00:00:00,66.06,66.19,64.5,65.44,2969100
2000-02-24 00:00:00,65.94,67.94,63.69,65.56,2576600
2000-02-25 00:00:00,65.81,67.69,62,65.63,2054900
2000-02-28 00:00:00,64.75,65.94,62.25,64.81,2051500
2000-02-29 00:00:00,65.13,69.5,64.81,68.75,2158600
2000-03-01 00:00:00,69,69.5,67.06,69,1895800
2000-03-02 00:00:00,69,69.38,67.81,68.38,2018900
2000-03-03 00:00:00,68.38,68.94,67,68.5,1483600
2000-03-06 00:00:00,69.88,70.69,67.63,68.75,2193600
2000-03-07 00:00:00,70,72.44,68.94,71.31,3494800
2000-03-08 00:00:00,68.88,69.63,66,67.19,3023300
2000-03-09 00:00:00,67.44,67.81,63.25,65.94,2391600
2000-03-10 00:00:00,68,69.94,67,68.13,3055300
2000-03-13 00:00:00,66.13,66.88,63.88,66,2231300
2000-03-14 00:00:00,65.88,66,64.19,65.19,2073000
2000-03-15 00:00:00,66,69,65.88,68.44,3000100
2000-03-16 00:00:00,68,69.69,67.19,69.44,2401400
2000-03-17 00:00:00,69.69,70.5,67.75,69.25,2560000
2000-03-20 00:00:00,69.5,71.44,68.31,68.56,1863600
2000-03-21 00:00:00,69.13,72,68,71.75,2502600
2000-03-22 00:00:00,71.75,76.5,71.5,75.06,5024300
2000-03-23 00:00:00,73.25,75.31,72.69,73,2638400
2000-03-27 00:00:00,74.38,76.81,73.5,75.31,3344300
2000-03-28 00:00:00,76,76.44,72.81,72.81,2287700
2000-03-29 00:00:00,73.5,77.81,73.5,76.5,2494500
2000-03-30 00:00:00,76.75,78.06,71.75,72.06,3091700
2000-03-31 00:00:00,74,75.75,72,74.88,2931200
2000-04-03 00:00:00,75.25,76.88,73.56,73.56,2154400
2000-04-04 00:00:00,73.56,74.44,62.5,65.44,7280000
2000-04-05 00:00:00,65.25,68.38,64.81,66.56,3806100
2000-04-06 00:00:00,68.5,68.56,65,67.94,2909100
2000-04-07 00:00:00,69.5,70.94,69.25,69.94,2161600
2000-04-10 00:00:00,71,71.25,69.25,70.25,1865300
2000-04-11 00:00:00,70.5,70.5,67.25,69.13,2366500
2000-04-12 00:00:00,71.25,74.25,70.5,71.13,4339200
2000-04-13 00:00:00,72.69,74,70.88,73.81,3967700
2000-04-14 00:00:00,72,72.06,66,69.75,3335900
2000-04-17 00:00:00,67.5,68.25,63,66.75,3335900
2000-04-18 00:00:00,65.5,68.75,65.06,68,2656100
2000-04-19 00:00:00,67,71.5,67,70.5,3342000
2000-04-20 00:00:00,70.75,72.13,70.38,71,2563800
2000-04-24 00:00:00,71,71,69.13,70.5,1376700
2000-04-25 00:00:00,72,74.13,71.19,73.75,2703700
2000-04-26 00:00:00,72.5,74.69,72.06,72.94,1977100
2000-04-27 00:00:00,71.25,72.63,70.75,71.94,1777599
2000-04-28 00:00:00,73,73,69.5,69.69,1621300
2000-05-01 00:00:00,71,74.5,70.44,72.31,2316800
2000-05-02 00:00:00,73.94,76.94,73.56,76,3594300
2000-05-03 00:00:00,77,77,72.94,74.63,2349100
2000-05-04 00:00:00,74.5,75.25,73.38,74.38,1828900
2000-05-05 00:00:00,74.69,74.69,72.56,74.25,1185900
2000-05-08 00:00:00,73.13,76.25,73.06,75.13,1613300
2000-05-09 00:00:00,75,75.38,71.88,72.56,1776500
2000-05-10 00:00:00,73.38,75.81,72.63,74.75,3335600
2000-05-11 00:00:00,76,78.94,75.88,77,4276500
2000-05-12 00:00:00,77,78.44,74,75.56,3047900
2000-05-15 00:00:00,77.25,78.5,76,76.94,3145200
2000-05-16 00:00:00,78,78.75,76.5,77.88,2962200
2000-05-17 00:00:00,75.5,78.88,75.5,77.5,2507400
2000-05-18 00:00:00,77.5,78.69,76.19,77.13,2070300
2000-05-19 00:00:00,77.13,77.25,75.06,76.63,1802600
2000-05-22 00:00:00,77.13,77.31,72.56,73.25,2356300
2000-05-23 00:00:00,73.69,74.19,69.5,69.88,2188700
2000-05-24 00:00:00,69.88,69.88,66.13,67.44,4552600
2000-05-25 00:00:00,68.44,70.5,68,69,2462300
2000-05-26 00:00:00,69.13,71.06,69.13,69.94,1411700
2000-05-30 00:00:00,70.63,71.06,69.25,69.88,1294300
2000-05-31 00:00:00,70.56,71.75,70.25,71.63,713200
2000-06-01 00:00:00,72.88,73.75,69.75,71.13,1672700
2000-06-02 00:00:00,73,73.31,69.25,69.5,2286700
2000-06-05 00:00:00,69.5,71,65.94,66,2923000
2000-06-06 00:00:00,68.5,71,65.94,66,3862900
2000-06-07 00:00:00,70.88,72,69.5,71.38,1801300
2000-06-08 00:00:00,72,73.13,71.5,73.06,1679600
2000-06-09 00:00:00,73.5,74.19,70.6,71.5,1348100
2000-06-12 00:00:00,71.25,73.56,71.25,73.25,1156200
2000-06-13 00:00:00,73.56,74.94,73.31,74,1803800
2000-06-14 00:00:00,74,74,70.19,72,2389200
2000-06-15 00:00:00,71.5,72.19,70.06,71.25,2283600
2000-06-16 00:00:00,70.63,72.94,70.06,71.63,2363300
2000-06-19 00:00:00,71.63,72.13,69.44,71.06,2214500
2000-06-20 00:00:00,71.44,73,69.5,72.69,2798200
2000-06-21 00:00:00,72.81,74.69,71.19,74.19,2436400
2000-06-22 00:00:00,74.63,74.94,72.31,73.44,1689300
2000-06-23 00:00:00,73.44,74.94,72.56,73.19,1015300
2000-06-26 00:00:00,72.5,72.69,68.94,69.63,3116600
2000-06-27 00:00:00,69.38,70,67.63,68.75,3891200
2000-06-28 00:00:00,70.75,70.75,68.5,68.81,1980600
2000-06-29 00:00:00,68.66,70.31,68.5,68.5,2307800
2000-06-30 00:00:00,68.5,69.63,64.48,64.5,4082700
2000-07-02 00:00:00,66,68.81,66,68,1884000
2000-07-05 00:00:00,70,70.13,65.56,66.44,2652800
2000-07-06 00:00:00,66.69,68.63,66.63,67.06,1766100
2000-07-07 00:00:00,68.19,69,67.25,67.63,1654100
2000-07-10 00:00:00,68.63,69.44,67.81,68.88,1587500
2000-07-11 00:00:00,69.13,71.63,68.88,70.75,2410200
2000-07-12 00:00:00,73.25,73.31,71.13,71.31,2023900
2000-07-13 00:00:00,72,73,71,71.5,1640800
2000-07-14 00:00:00,72.38,73.19,70.69,71.88,1599300
2000-07-17 00:00:00,71.75,72.63,71.44,72.41,1494500
2000-07-18 00:00:00,72.44,73.44,71.63,72.5,1550300
2000-07-19 00:00:00,72.88,73.91,72.06,72.56,1967400
2000-07-20 00:00:00,72.5,73.38,71.25,71.25,1675000
2000-07-21 00:00:00,71.69,73,71.5,73,1856000
2000-07-24 00:00:00,74,74.94,72.63,73,2867200
2000-07-25 00:00:00,73,73.63,71.06,71.69,2250600
2000-07-26 00:00:00,71.69,72.63,70.94,72.34,3060900
2000-07-27 00:00:00,73.94,77.06,73.25,77,4380900
2000-07-28 00:00:00,77.25,77.5,74.31,75.19,2838000
2000-07-31 00:00:00,75.5,75.88,72.75,73.75,2555600
2000-08-01 00:00:00,73.63,76,73.56,76,2220000
2000-08-02 00:00:00,75.94,78.25,75.06,77.63,2738800
2000-08-03 00:00:00,76.88,78.25,75.13,78.02,2806600
2000-08-04 00:00:00,78.38,79.13,77.06,78,1986600
2000-08-07 00:00:00,79,81.06,78.69,80.27,4236600
2000-08-08 00:00:00,80.5,83.38,80,82.44,3085500
2000-08-09 00:00:00,83,83.44,81,82.3,1945100
2000-08-10 00:00:00,82.38,82.5,79.5,80.77,1682400
2000-08-11 00:00:00,80,81,79.13,80.25,166400
2000-08-14 00:00:00,80.5,84.31,79.25,84.25,2595100
2000-08-15 00:00:00,83.75,83.94,82.13,82.13,2049600
2000-08-16 00:00:00,82.38,84.25,82.38,83.88,865800
2000-08-17 00:00:00,84.81,90,84.38,90,2953500
2000-08-18 00:00:00,86.88,88,86,86.94,2057300
2000-08-21 00:00:00,88.5,88.63,87.13,87.88,1502600
2000-08-22 00:00:00,88.25,88.69,86.81,87.5,1556900
2000-08-23 00:00:00,87.5,90.75,87.31,90,2664100
2000-08-24 00:00:00,89.75,89.94,85,86,2941000
2000-08-25 00:00:00,85.5,86.5,83.88,84.88,1978500
2000-08-28 00:00:00,86.25,87,84.81,86.63,1885000
2000-08-29 00:00:00,87,87.94,86.06,86.25,1379700
2000-08-30 00:00:00,86.13,86.25,84.75,84.75,1484100
2000-08-31 00:00:00,85.88,85.94,84.81,84.88,2256900
2000-09-01 00:00:00,86.88,87.44,85.13,85.33,1754700
2000-09-05 00:00:00,86.75,86.94,85,85,1717500
2000-09-06 00:00:00,86.13,86.44,83.5,84.38,4158600
2000-09-07 00:00:00,84.56,85.38,82.81,83.88,2623500
2000-09-08 00:00:00,83.5,84.94,82.69,84.21,1432400
2000-09-11 00:00:00,84.44,86.31,83.94,86.02,2640800
2000-09-12 00:00:00,85.06,86.25,84.56,86.13,4214000
2000-09-13 00:00:00,86.38,86.94,85.13,86.69,1616100
2000-09-14 00:00:00,86.94,87.25,85.5,86.7,2678200
2000-09-15 00:00:00,87.38,89.5,86.94,89.44,4091800
2000-09-18 00:00:00,89.25,90.38,88.5,89.63,2690900
2000-09-19 00:00:00,89.94,89.94,84.38,84.88,3207200
2000-09-20 00:00:00,85.5,86.31,80.56,82.18,4447500
2000-09-21 00:00:00,80.63,81.25,77,80.75,3127000
2000-09-22 00:00:00,79.5,83.06,79.25,83,2817400
2000-09-25 00:00:00,84,85,82.81,84.44,2594400
2000-09-26 00:00:00,84.25,86.06,84.19,85.5,3091400
2000-09-27 00:00:00,86.19,87.75,85.13,87.46,1899400
2000-09-28 00:00:00,88.44,89.25,87.38,89.25,2010800
2000-09-29 00:00:00,89.38,89.94,86,87.64,2358100
2000-10-02 00:00:00,88,88.69,85,86.44,2244200
2000-10-03 00:00:00,86.75,86.88,85.31,85.56,2240000
2000-10-04 00:00:00,85,85.63,82.5,83.06,2777100
2000-10-05 00:00:00,83.75,84.06,82.38,83,2253700
2000-10-06 00:00:00,83.94,84,81.31,81.63,1993400
2000-10-09 00:00:00,81.81,83.06,81,83,1609400
2000-10-10 00:00:00,82.75,83.75,81.31,81.69,2019000
2000-10-11 00:00:00,82.19,84.25,81.5,82.81,1634800
2000-10-12 00:00:00,82.81,83.06,79.5,79.88,2288700
2000-10-13 00:00:00,80,81.25,79.13,79.5,2045700
2000-10-16 00:00:00,79.75,81.38,79.31,80,1632500
2000-10-17 00:00:00,82,82.5,78.88,79.19,2340400
2000-10-18 00:00:00,80,80.5,77.63,78.75,2547400
2000-10-19 00:00:00,79.56,80.38,79,79,1932600
2000-10-20 00:00:00,80,81.88,79.5,80.5,1803100
2000-10-23 00:00:00,80.75,83.63,80.5,82,2255700
2000-10-24 00:00:00,82.88,82.88,79.63,80.19,1467800
2000-10-25 00:00:00,80.44,80.88,75.5,76.13,2147900
2000-10-26 00:00:00,78.13,78.31,75.56,77.5,2188300
2000-10-27 00:00:00,77.25,78.88,77.25,78.88,1583200
2000-10-30 00:00:00,79.25,81.5,79.25,80.69,1831100
2000-10-31 00:00:00,80,82.44,78.75,82.06,2145900
2000-11-01 00:00:00,82.06,83.63,82.06,83.25,2513600
2000-11-02 00:00:00,83.81,81.5,81.5,81.75,2687600
2000-11-03 00:00:00,81.5,81.5,76.75,77.38,3309200
2000-11-06 00:00:00,77.94,82.25,77.75,81.56,3126200
2000-11-07 00:00:00,82.75,83.19,80.5,81.81,1959200
2000-11-08 00:00:00,83.06,83.06,82.06,82.13,1791200
2000-11-09 00:00:00,82.81,83.19,82.25,82.94,2076700
2000-11-10 00:00:00,83,83.13,82.44,82.94,2235800
2000-11-13 00:00:00,82,82.31,78.13,79.44,2239800
2000-11-14 00:00:00,80,80.38,79.31,79.56,2335600
2000-11-15 00:00:00,79.56,80.56,79.31,80.38,1899900
2000-11-16 00:00:00,81.5,82.06,79.88,81.5,1310400
2000-11-17 00:00:00,82.06,82.06,79.88,81.5,1972800
2000-11-20 00:00:00,81.75,81.94,80,80.25,1869300
2000-11-21 00:00:00,80.5,81.44,79.25,80.38,1535400
2000-11-22 00:00:00,80.19,80.38,75.56,75.56,3976500
2000-11-24 00:00:00,77.5,79.25,77.25,77.75,1128200
2000-11-27 00:00:00,79.56,79.56,78.38,78.88,1503100
2000-11-28 00:00:00,78.69,79.69,78.44,78.44,1405100
2000-11-29 00:00:00,78.69,79,70.25,70.25,6429200
2000-11-30 00:00:00,71,71.63,63.6,64.75,10850900
2000-12-01 00:00:00,66.25,68.56,64.44,65.5,5624500
2000-12-04 00:00:00,66.5,68.75,65.25,65.94,2309700
2000-12-05 00:00:00,66.94,69.13,66.69,68.25,3609600
2000-12-06 00:00:00,68.25,72.88,67.88,71.94,3736500
2000-12-07 00:00:00,73,73.94,72,72.88,2827700
2000-12-08 00:00:00,73.5,73.56,69.75,73.06,3764500
2000-12-11 00:00:00,74,77.38,73.38,76.5,2813400
2000-12-12 00:00:00,76.06,77.75,75.19,77.19,1892100
2000-12-13 00:00:00,79,79.75,73.94,74.5,2986600
2000-12-14 00:00:00,74.5,76.88,73.44,76.5,3667200
2000-12-15 00:00:00,76.63,79.25,75.75,77.56,5248300
2000-12-18 00:00:00,77.56,79.75,77,79.56,2105700
2000-12-19 00:00:00,79.31,80.81,79.25,79.75,2657100
2000-12-20 00:00:00,79,80,78.06,79.75,3092300
2000-12-21 00:00:00,78.75,79.81,78.13,79.13,2731300
2000-12-22 00:00:00,78.75,81.44,78.69,81.19,1953300
2000-12-27 00:00:00,84,84.75,80.13,82.81,3179600
2000-12-28 00:00:00,82.38,84.88,82.19,84.63,2067900
2000-12-29 00:00:00,84.81,84.88,82.13,83.13,1813900
2001-01-02 00:00:00,84,84.06,79.06,79.88,3229800
2001-01-03 00:00:00,79.88,80.25,75,75.06,4236100
2001-01-04 00:00:00,73.38,73.81,70.19,72,9174200
2001-01-05 00:00:00,72.75,73.5,71,71.38,5072700
2001-01-08 00:00:00,71.38,72.5,70.38,70.25,2457800
2001-01-09 00:00:00,72,72.38,68,68.63,3864500
2001-01-10 00:00:00,68.5,71.19,68.06,68.94,3530300
2001-01-11 00:00:00,69,71,68.69,69.44,2612700
2001-01-12 00:00:00,70,71.19,68.81,70.44,2455900
2001-01-16 00:00:00,70.38,70.5,67.56,68.44,4281000
2001-01-17 00:00:00,68.25,71.63,66.06,71.13,5334700
2001-01-18 00:00:00,71.13,72.5,70.38,72.06,3400400
2001-01-19 00:00:00,70.13,72.75,70.06,70.88,3090500
2001-01-22 00:00:00,73.25,75.63,73,75.06,5003700
2001-01-23 00:00:00,77,78.88,76.5,78.56,4950300
2001-01-24 00:00:00,81,83,79.13,79.75,7743300
2001-01-25 00:00:00,79.81,82.38,79.31,82,323600
2001-01-26 00:00:00,82,82.56,81.13,82,5742400
2001-01-29 00:00:00,81.1,81.32,80.1,80.77,3047600
2001-01-30 00:00:00,79.77,80.49,78.5,78.5,7948200
2001-01-31 00:00:00,79.75,80.6,78.75,80,8744600
2001-02-01 00:00:00,79.45,79.75,77.5,78.79,4266500
2001-02-02 00:00:00,78.48,80.39,78.3,79.98,3271700
2001-02-05 00:00:00,79.98,82.1,79.8,81.81,3440400
2001-02-06 00:00:00,81,81.65,80.02,80.15,3430000
2001-02-07 00:00:00,80,81.81,79.6,80.35,2345700
2001-02-08 00:00:00,80.85,81.5,79.6,80,3390500
2001-02-09 00:00:00,80.8,81.45,79.9,80.2,1864300
2001-02-12 00:00:00,79.8,80.7,79.26,79.8,1936400
2001-02-13 00:00:00,79.25,81.78,79.02,81.15,2524300
2001-02-14 00:00:00,81.2,81.49,79.91,80,2006600
2001-02-15 00:00:00,78.65,79.41,75.4,77.9,4462900
2001-02-16 00:00:00,77.66,78.25,75.02,76.65,3289800
2001-02-19 00:00:00,76.65,76.65,76.65,76.65,0
2001-02-20 00:00:00,76.7,77.07,75.02,75.09,2300300
2001-02-21 00:00:00,75.09,75.65,73,73.09,3012600
2001-02-22 00:00:00,73.25,73.89,71.31,72.15,3220800
2001-02-23 00:00:00,71.5,72.08,69.5,71,3083500
2001-02-26 00:00:00,71,71.98,69.35,70.56,3040300
2001-02-27 00:00:00,71,71.2,69.4,70.04,2914500
2001-02-28 00:00:00,70,70,68.17,68.5,4050400
2001-03-01 00:00:00,67.4,69.3,67.4,68.68,4127200
2001-03-02 00:00:00,68.45,70.57,68.24,70.19,2245300
2001-03-05 00:00:00,70.9,71.26,69.8,70.11,2643100
2001-03-06 00:00:00,70.8,70.96,68.3,68.87,3442200
2001-03-07 00:00:00,69.2,70.59,68.85,70,3723800
2001-03-08 00:00:00,70,71.36,70,70.59,2927900
2001-03-09 00:00:00,70.59,71.75,68.7,68.84,2610700
2001-03-12 00:00:00,67,68.63,61,61.27,6018100
2001-03-13 00:00:00,62.65,62.9,60.53,62.05,5864000
2001-03-14 00:00:00,62.05,63.72,59.99,62.75,6110300
2001-03-15 00:00:00,63.95,67.54,63.7,66.53,8062900
2001-03-16 00:00:00,66.54,66.54,62,62.24,4301700
2001-03-19 00:00:00,62.48,62.8,61.15,61.8,3426400
2001-03-20 00:00:00,62.5,62.5,60.94,60.95,4211000
2001-03-21 00:00:00,60,60.27,55,55.89,9765600
2001-03-22 00:00:00,55.4,55.5,51.51,55.02,10145300
2001-03-23 00:00:00,56.8,61.5,56.1,59.4,7704800
2001-03-26 00:00:00,61,62.05,60.31,61.48,4112900
2001-03-27 00:00:00,60.9,61.38,59,60.46,371600
2001-03-28 00:00:00,59.78,59.8,57.03,58.1,3486500
2001-03-29 00:00:00,57.4,58.24,54.4,55.31,568900
2001-03-30 00:00:00,55.31,59,55.31,58.1,3682700
2001-04-02 00:00:00,57.9,59.19,55.7,56.57,3000200
2001-04-03 00:00:00,57.2,57.26,53.7,54.06,3189500
2001-04-04 00:00:00,54,55.3,53.3,53.72,288300
2001-04-05 00:00:00,55.5,56.08,53.6,55.7,3894700
2001-04-06 00:00:00,55.5,57,53.2,53.5,4910900
2001-04-09 00:00:00,54.55,56.6,53.6,55.96,2478700
2001-04-10 00:00:00,57.2,59.7,56.34,58.82,3675000
2001-04-11 00:00:00,59.95,59.96,58.51,58.51,3265100
2001-04-12 00:00:00,58.35,58.35,57.01,57.3,2094900
2001-04-16 00:00:00,57.5,59.44,56.68,59.44,3631000
2001-04-17 00:00:00,60,61.37,59.9,60,4715300
2001-04-18 00:00:00,61.4,62.9,60.15,61.62,6189000
2001-04-19 00:00:00,61.71,61.75,60.1,61.16,3697800
2001-04-20 00:00:00,61.95,61.95,59.68,59.99,3109400
2001-04-23 00:00:00,60.77,61.7,60.32,61.65,3042500
2001-04-24 00:00:00,61.95,62.95,61.6,61.87,2778900
2001-04-25 00:00:00,61.62,62.99,61.18,62.88,2614900
2001-04-26 00:00:00,63.01,63.99,63.01,63.66,3774200
2001-04-27 00:00:00,62.8,63.61,62.18,63.5,2061300
2001-04-30 00:00:00,63.2,64.75,62.26,62.72,2263000
2001-05-01 00:00:00,63.6,63.6,61.8,62.41,1746400
2001-05-02 00:00:00,63.4,63.4,59.5,60.5,4178000
2001-05-03 00:00:00,59.6,60.2,57.05,58.35,3971400
2001-05-04 00:00:00,59,59.7,58.46,59.48,2741500
2001-05-07 00:00:00,59.4,59.76,57.49,58.04,3433300
2001-05-08 00:00:00,57.8,57.82,55.8,56.11,4879300
2001-05-09 00:00:00,56.11,59.52,48.43,59.2,3930700
2001-05-10 00:00:00,58.95,59.96,57.15,57.6,2436500
2001-05-11 00:00:00,56.9,58.5,56.9,58.2,2077500
2001-05-14 00:00:00,58.05,59.6,57.99,58.75,2100700
2001-05-15 00:00:00,58.55,59.2,56.9,56.99,2901000
2001-05-16 00:00:00,58,58.1,54.99,55.01,7271200
2001-05-17 00:00:00,55.04,56.3,52,52.2,12381900
2001-05-18 00:00:00,53.5,55.09,52.6,53.9,10047700
2001-05-21 00:00:00,55.32,55.32,54.07,54.99,548800
2001-05-22 00:00:00,55.6,55.65,54.7,54.95,3879600
2001-05-23 00:00:00,55.4,56.19,55.07,55.35,4817900
2001-05-24 00:00:00,56,56.01,53.5,54.16,4352200
2001-05-25 00:00:00,54.1,54.11,52.7,53,3468800
2001-05-29 00:00:00,53.81,54,52.6,53,3468800
2001-05-30 00:00:00,52.99,53.38,52.52,53.23,3578200
2001-05-31 00:00:00,53.03,53.59,52.66,52.91,2822300
2001-06-01 00:00:00,52.52,53.25,52.35,53.04,2577000
2001-06-04 00:00:00,53,54.95,52.75,54.54,3696600
2001-06-05 00:00:00,54.54,54.54,52.87,53.75,4117200
2001-06-06 00:00:00,53.02,53.58,51.87,52.33,3843500
2001-06-07 00:00:00,52.05,52.06,48.8,50.52,8978400
2001-06-08 00:00:00,50.52,51.31,49.52,51.13,4776700
2001-06-11 00:00:00,51.14,51.65,50.09,51,4363900
2001-06-12 00:00:00,51.37,51.37,50.09,50.37,3262000
2001-06-13 00:00:00,50.74,51.35,49.77,49.92,2893300
2001-06-14 00:00:00,49.6,49.6,47.35,47.91,3576800
2001-06-15 00:00:00,47.1,48.65,46.87,47.26,4231600
2001-06-18 00:00:00,47.26,48,44.19,44.7,7497300
2001-06-19 00:00:00,45.85,46.5,42.35,46.18,8026300
2001-06-20 00:00:00,46.19,46.5,45.01,45.8,6370800
2001-06-21 00:00:00,45.8,46.25,43.6,44.05,7349500
2001-06-22 00:00:00,44.3,45.25,43.76,44.88,5618600
2001-06-25 00:00:00,45.05,45.16,44.04,44.07,3686400
2001-06-26 00:00:00,43.6,44.7,43.25,44.19,3719400
2001-06-27 00:00:00,44.99,47.6,44.31,46.72,6644600
2001-06-28 00:00:00,46.58,49.1,46.25,48.34,5116500
2001-06-29 00:00:00,49.1,49.84,47.8,49.1,4760400
2001-07-02 00:00:00,49.5,49.7,47.5,48.3,3678400
2001-07-03 00:00:00,48.84,49.1,48.41,48.69,1475400
2001-07-04 00:00:00,48.69,48.69,48.69,48.69,0
2001-07-05 00:00:00,49.23,50.5,48.98,49.94,3528800
2001-07-06 00:00:00,51.1,51.5,48.98,49.06,3654300
2001-07-09 00:00:00,49.48,49.98,49.06,49.06,3441500
2001-07-10 00:00:00,49.17,48.87,49,49.22,3211400
2001-07-11 00:00:00,49.22,49.8,48.23,49.1,2784500
2001-07-12 00:00:00,50.4,50.8,48.55,49.55,4276200
2001-07-13 00:00:00,49.05,49.83,47.71,48.78,3726100
2001-07-16 00:00:00,49.5,50.1,48.94,49.12,2284100
2001-07-17 00:00:00,49.5,49.9,49.16,49.85,2382300
2001-07-18 00:00:00,49.85,49.85,47.6,48.97,3535200
2001-07-19 00:00:00,48.97,49.55,48.79,49.08,2560500
2001-07-20 00:00:00,49.15,49.25,47.98,48.16,3876000
2001-07-23 00:00:00,48.16,48.18,46.28,46.66,5144900
2001-07-24 00:00:00,47.67,46.47,42,43.24,8066300
2001-07-25 00:00:00,44.25,45.15,42.25,44.96,6863200
2001-07-26 00:00:00,45.5,47.4,44.25,46.84,3854600
2001-07-27 00:00:00,45.98,46.55,45,46.1,3138400
2001-07-30 00:00:00,47,47.04,45.4,45.73,2962000
2001-07-31 00:00:00,46.25,46.86,45.28,45.35,2146800
2001-08-01 00:00:00,45.85,46.6,45.51,45.61,1982700
2001-08-02 00:00:00,45.61,46.1,45.05,45.58,1829200
2001-08-03 00:00:00,46.1,46.1,44.86,45.36,2002000
2001-08-06 00:00:00,45.47,45.47,44.15,44.5,2369500
2001-08-07 00:00:00,44.25,44.68,43.4,43.6,2559100
2001-08-08 00:00:00,43.2,43.5,42.55,42.85,3664500
2001-08-09 00:00:00,42.5,43,42,42.78,2301500
2001-08-10 00:00:00,42.75,43.55,42.31,42.81,1400700
2001-08-13 00:00:00,42.8,43.03,42.15,42.15,1468800
2001-08-14 00:00:00,42.25,43.2,42.02,42.93,2021700
2001-08-15 00:00:00,38.5,40.25,36.87,40.25,29749900
2001-08-16 00:00:00,39.5,39.6,36.7,36.85,13428900
2001-08-17 00:00:00,36.5,39.6,36.7,36.85,13428900
2001-08-20 00:00:00,36.8,37.25,36,36.25,4895100
2001-08-21 00:00:00,36.75,37.2,36.45,36.88,6494800
2001-08-22 00:00:00,37.3,37.6,36.3,37.26,6472300
2001-08-23 00:00:00,37.31,37.44,36.95,36.96,3357300
2001-08-24 00:00:00,36.8,37,36.15,36.35,3933500
2001-08-27 00:00:00,36.9,37.9,36.35,37.76,4961800
2001-08-28 00:00:00,38.2,38.62,38,38.16,5427500
2001-08-29 00:00:00,38.16,38.34,37.26,37.3,3422500
2001-08-30 00:00:00,37.58,37.99,35.24,35.5,6161800
2001-08-31 00:00:00,35.7,35.8,34.58,34.99,4941900
2001-09-04 00:00:00,35,35.72,34.81,35,3201900
2001-09-05 00:00:00,34.99,35,32.18,32.36,9215500
2001-09-06 00:00:00,32.36,32.52,30.2,30.49,9242200
2001-09-07 00:00:00,30.48,32.15,30,31.57,6786000
2001-09-10 00:00:00,30.9,32.92,30.62,32.76,5492700
2001-09-17 00:00:00,32.08,33,30.51,30.67,6836800
2001-09-18 00:00:00,30.9,31,28.08,28.08,7634900
2001-09-19 00:00:00,28.85,28.85,25.5,26.41,11533700
2001-09-20 00:00:00,29.25,29.25,25.9,28.39,6978800
2001-09-21 00:00:00,30.12,30.12,27.05,28.3,8460100
2001-09-24 00:00:00,29.45,29.83,27,27,5060600
2001-09-25 00:00:00,27.25,27.73,26.99,27,5385400
2001-09-26 00:00:00,26.75,26.82,24.66,25.15,10033700
2001-09-27 00:00:00,25,25.4,24.46,25.25,7251400
2001-09-28 00:00:00,26.14,27.6,25.29,27.23,6794900
2001-10-01 00:00:00,27.6,29.45,27.05,29.15,6458600
2001-10-02 00:00:00,28.8,30.77,28.7,30.61,5732500
2001-10-03 00:00:00,34.44,34.44,31.2,33.49,7818400
2001-10-04 00:00:00,34.74,34.74,32.75,33.1,4583100
2001-10-05 00:00:00,34.5,34.5,31.58,31.73,6718700
2001-10-08 00:00:00,33.65,33.65,31.88,33.45,310300
2001-10-09 00:00:00,34.5,34.5,33.38,33.39,3562300
2001-10-10 00:00:00,33.65,35.37,33.65,35.2,3226500
2001-10-11 00:00:00,36,37.5,35.5,36.79,6664900
2001-10-12 00:00:00,36.59,36.99,34.7,35.81,3695600
2001-10-15 00:00:00,35.2,35.21,32.94,33.17,6266900
2001-10-16 00:00:00,34.3,34.9,32.63,33.84,8324500
2001-10-17 00:00:00,34,34.08,32.05,32.2,5086200
2001-10-18 00:00:00,31.95,31.96,28.78,29,9301800
2001-10-19 00:00:00,28.01,28.22,25.15,26.05,15703100
2001-10-22 00:00:00,24,24.4,19.67,20.65,36431900
2001-10-23 00:00:00,21.4,23.25,19.62,19.79,27846300
2001-10-24 00:00:00,19.74,19.74,15.51,16.41,75803400
2001-10-25 00:00:00,16.4,17.95,16,16.35,39212300
2001-10-26 00:00:00,16,16.35,15.04,15.4,28334100
2001-10-29 00:00:00,15.15,15.55,13.55,13.81,36430800
2001-10-30 00:00:00,13.8,13.8,10.9,11.16,56564300
2001-10-31 00:00:00,11.98,14.2,11.75,13.9,43797400
2001-11-01 00:00:00,13.1,13.17,11.7,11.99,30734800
2001-11-02 00:00:00,11.85,11.85,10.91,11.3,28509700
2001-11-05 00:00:00,11.9,12.2,11.02,11.17,23344000
2001-11-06 00:00:00,11,11.15,9.38,9.67,44939400
2001-11-07 00:00:00,9.55,9.55,7,9.05,111815300
2001-11-08 00:00:00,8.8,10,8.19,8.41,60900400
2001-11-09 00:00:00,8,9.28,7.21,8.63,75482500
2001-11-12 00:00:00,9.1,9.85,8.93,9.24,42332700
2001-11-13 00:00:00,9.5,9.99,9.05,9.98,33246100
2001-11-14 00:00:00,10.05,10.28,9.6,10,30235600
2001-11-15 00:00:00,9.61,9.87,9.25,9.48,20627600
2001-11-16 00:00:00,9.2,9.38,8.95,9,16592800
2001-11-19 00:00:00,8.95,9.07,8.5,9.06,17862100
2001-11-20 00:00:00,8.3,8.3,6.55,6.99,89927200
2001-11-21 00:00:00,7,7,4.55,5.01,115636300
2001-11-23 00:00:00,5.15,5.15,4.55,4.71,40696300
2001-11-26 00:00:00,4.71,4.85,3.76,4.01,66891900
2001-11-27 00:00:00,4.1,4.5,3.83,4.11,68945100
2001-11-28 00:00:00,3.9,3.9,0.6,0.61,345677400
2001-11-29 00:00:00,0.46,0.52,0.3,0.36,270812700
2001-11-30 00:00:00,0.37,0.38,0.25,0.26,173598200
2001-12-03 00:00:00,0.45,0.45,0.26,0.4,166444200
2001-12-04 00:00:00,0.65,0.96,0.58,0.87,295031900
2001-12-05 00:00:00,1.25,1.26,0.94,1.01,239306900
2001-12-06 00:00:00,0.9,0.9,0.6,0.66,130436700
2001-12-07 00:00:00,0.84,0.84,0.67,0.75,59363300
2001-12-10 00:00:00,0.88,0.9,0.79,0.81,58502800
2001-12-11 00:00:00,0.86,0.86,0.71,0.72,45438500
2001-12-12 00:00:00,0.66,0.78,0.51,0.66,30567500
2001-12-13 00:00:00,0.66,0.69,0.6,0.66,30567500
2001-12-14 00:00:00,0.67,0.67,0.59,0.63,18398700
2001-12-17 00:00:00,0.6,0.64,0.55,0.57,30956100
2001-12-18 00:00:00,0.59,0.59,0.5,0.5,33229900
2001-12-19 00:00:00,0.5,0.51,0.41,0.44,39205900
2001-12-20 00:00:00,0.41,0.44,0.4,0.42,21426700
2001-12-21 00:00:00,0.48,0.59,0.45,0.53,36219200
2001-12-24 00:00:00,0.6,0.65,0.57,0.65,32034600
2001-12-26 00:00:00,0.67,0.74,0.65,0.65,32034600
2001-12-27 00:00:00,0.66,0.68,0.56,0.6,26312100
2001-12-28 00:00:00,0.6,0.61,0.56,0.6,18229800
2001-12-31 00:00:00,0.57,0.6,0.55,0.6,20252400